{"a": 1, "amp-carousel": 2, "amp-lightbox": 3, "article": 4, "aside": 5, "b": 6, "blockquote": 7, "body": 8, "center": 9, "cite": 10, "dd": 11, "div": 12, "dl": 13, "em": 14, "fieldset": 15, "figcaption": 16, "figure": 17, "footer": 18, "form": 19, "h1": 20, "h2": 21, "h3": 22, "h4": 23, "h5": 24, "header": 25, "html": 26, "i": 27, "label": 28, "li": 29, "main": 30, "nav": 31, "ol": 32, "optgroup": 33, "option": 34, "p": 35, "section": 36, "select": 37, "small": 38, "span": 39, "strong": 40, "svg": 41, "table": 42, "tbody": 43, "td": 44, "th": 45, "thead": 46, "time": 47, "title": 48, "tr": 49, "ul": 50, "<UNK>": 0}