{"!": 1, "#": 2, "$": 3, "%": 4, "&": 5, "'": 6, "''": 7, "'re": 8, "'s": 9, "'ve": 10, "(": 11, ")": 12, "*": 13, ",": 14, "-": 15, "--": 16, ".": 17, "...": 18, "/": 19, "0": 20, "1": 21, "10": 22, "100": 23, "12": 24, "15": 25, "16": 26, "2": 27, "2015": 28, "2016": 29, "2017": 30, "2018": 31, "24": 32, "25": 33, "27": 34, "3": 35, "30": 36, "4": 37, "5": 38, "50": 39, "6": 40, "7": 41, "72": 42, "8": 43, "9": 44, ":": 45, ";": 46, "?": 47, "@": 48, "``": 49, "a": 50, "about": 51, "according": 52, "account": 53, "active": 54, "actor": 55, "actress": 56, "ad": 57, "advertisement": 58, "advertising": 59, "after": 60, "again": 61, "against": 62, "age": 63, "ago": 64, "alert": 65, "all": 66, "also": 67, "am": 68, "amber": 69, "america": 70, "american": 71, "an": 72, "and": 73, "anonymized": 74, "another": 75, "any": 76, "are": 77, "around": 78, "as": 79, "at": 80, "aug": 81, "august": 82, "awards": 83, "away": 84, "b": 85, "back": 86, "battle": 87, "be": 88, "because": 89, "been": 90, "before": 91, "being": 92, "best": 93, "big": 94, "black": 95, "blue": 96, "business": 97, "but": 98, "by": 99, "called": 100, "can": 101, "caption": 102, "car": 103, "case": 104, "cast": 105, "celebrity": 106, "children": 107, "city": 108, "close": 109, "color": 110, "come": 111, "comments": 112, "community": 113, "company": 114, "contact": 115, "content": 116, "continue": 117, "cookies": 118, "cosby": 119, "could": 120, "country": 121, "daca": 122, "daily": 123, "dallas": 124, "data": 125, "date": 126, "day": 127, "days": 128, "death": 129, "default": 130, "did": 131, "died": 132, "digital": 133, "do": 134, "doctor": 135, "does": 136, "dog": 137, "down": 138, "dress": 139, "during": 140, "eclipse": 141, "email": 142, "end": 143, "entertainment": 144, "episode": 145, "episodes": 146, "even": 147, "every": 148, "facebook": 149, "family": 150, "fans": 151, "fashion": 152, "features": 153, "festival": 154, "film": 155, "find": 156, "first": 157, "florida": 158, "follow": 159, "fonda": 160, "font": 161, "food": 162, "football": 163, "for": 164, "former": 165, "formerly": 166, "fortnite": 167, "found": 168, "free": 169, "from": 170, "full": 171, "g": 172, "game": 173, "games": 174, "get": 175, "gmbh": 176, "go": 177, "going": 178, "good": 179, "got": 180, "great": 181, "green": 182, "group": 183, "had": 184, "has": 185, "have": 186, "he": 187, "health": 188, "help": 189, "her": 190, "here": 191, "hide": 192, "him": 193, "himself": 194, "his": 195, "hit": 196, "home": 197, "hours": 198, "house": 199, "how": 200, "http": 201, "https": 202, "hurricane": 203, "husband": 204, "i": 205, "if": 206, "image": 207, "in": 208, "inc": 209, "information": 210, "instagram": 211, "interactive": 212, "international": 213, "into": 214, "iron": 215, "is": 216, "island": 217, "it": 218, "its": 219, "jenner": 220, "just": 221, "justice": 222, "know": 223, "kylie": 224, "la": 225, "last": 226, "latest": 227, "league": 228, "left": 229, "letourneau": 230, "life": 231, "like": 232, "limited": 233, "live": 234, "llc": 235, "look": 236, "looks": 237, "lost": 238, "louis": 239, "love": 240, "ltd": 241, "made": 242, "make": 243, "man": 244, "many": 245, "map": 246, "marketing": 247, "mary": 248, "may": 249, "me": 250, "media": 251, "meghan": 252, "mobile": 253, "monday": 254, "money": 255, "months": 256, "more": 257, "most": 258, "mother": 259, "movie": 260, "movies": 261, "much": 262, "music": 263, "my": 264, "n't": 265, "national": 266, "need": 267, "network": 268, "never": 269, "new": 270, "news": 271, "next": 272, "nfl": 273, "night": 274, "no": 275, "not": 276, "now": 277, "oct": 278, "of": 279, "off": 280, "on": 281, "one": 282, "online": 283, "only": 284, "or": 285, "other": 286, "our": 287, "out": 288, "over": 289, "own": 290, "page": 291, "part": 292, "party": 293, "people": 294, "petty": 295, "photo": 296, "photos": 297, "play": 298, "players": 299, "please": 300, "pm": 301, "police": 302, "policy": 303, "politics": 304, "post": 305, "power": 306, "premiere": 307, "president": 308, "privacy": 309, "q": 310, "rate": 311, "read": 312, "really": 313, "red": 314, "related": 315, "release": 316, "report": 317, "reveals": 318, "review": 319, "reviews": 320, "right": 321, "rights": 322, "rosenstein": 323, "s": 324, "said": 325, "same": 326, "say": 327, "says": 328, "science": 329, "search": 330, "season": 331, "see": 332, "september": 333, "series": 334, "service": 335, "services": 336, "set": 337, "share": 338, "she": 339, "shooting": 340, "should": 341, "show": 342, "shows": 343, "sign": 344, "since": 345, "site": 346, "so": 347, "social": 348, "some": 349, "special": 350, "sport": 351, "sports": 352, "star": 353, "stars": 354, "state": 355, "still": 356, "stories": 357, "storm": 358, "story": 359, "style": 360, "subscribe": 361, "such": 362, "sun": 363, "sunday": 364, "support": 365, "t": 366, "take": 367, "team": 368, "tech": 369, "technologies": 370, "terms": 371, "than": 372, "that": 373, "the": 374, "their": 375, "them": 376, "then": 377, "there": 378, "these": 379, "they": 380, "things": 381, "think": 382, "this": 383, "those": 384, "three": 385, "through": 386, "time": 387, "times": 388, "to": 389, "today": 390, "told": 391, "tom": 392, "too": 393, "top": 394, "travel": 395, "trump": 396, "tv": 397, "twitter": 398, "two": 399, "uk": 400, "under": 401, "united": 402, "up": 403, "us": 404, "use": 405, "used": 406, "vegas": 407, "very": 408, "video": 409, "videos": 410, "view": 411, "voice": 412, "want": 413, "was": 414, "watch": 415, "way": 416, "we": 417, "week": 418, "well": 419, "were": 420, "what": 421, "when": 422, "where": 423, "which": 424, "while": 425, "white": 426, "who": 427, "why": 428, "will": 429, "window": 430, "with": 431, "woman": 432, "women": 433, "work": 434, "world": 435, "would": 436, "year": 437, "years": 438, "yellow": 439, "york": 440, "you": 441, "your": 442, "|": 443, "\u00e2": 444, "\u00e2\u00b7": 445, "\u00e2\u20ac": 446, "\u00e2\u20ac\u00a2": 447, "\u00e2\u20ac\ufffd": 448, "\u201c": 449, "\u201d": 450, "<UNK>": 0}